{
  "alignmentParams": {
    "minSeedCover": 0.005,
    "kmerLength":7,
    "allowedMismatches": 12
  },
  "schemaVersion": "3.0.0",
  "attributes": {
    "name": "Influenza A/H5N1 (segment 8/NS)",
    "reference name": "Influenza A virus (A/goose/Guangdong/1/1996(H5N1)) segment 8, complete sequence",
    "reference accession": "NC_007364.1"
  },
  "files": {
    "reference": "reference.fasta",
    "pathogenJson": "pathogen.json",
    "genomeAnnotation": "genome_annotation.gff3",
    "readme": "README.md"
  }
}
