{
  "schemaVersion": "3.0.0",
  "alignmentParams": {
    "excessBandwidth": 9,
    "terminalBandwidth": 100,
    "allowedMismatches": 4,
    "gapAlignmentSide": "right",
    "minSeedCover": 0.1
  },
  "attributes": {
    "name": "Influenza A/H3N2 (segment 6/NA)",
    "reference name": "Influenza A virus (A/Wisconsin/67/2005(H3N2)) segment 6, complete sequence",
    "reference accession": "CY114383.1"
  },
  "files": {
    "reference": "reference.fasta",
    "pathogenJson": "pathogen.json",
    "genomeAnnotation": "genome_annotation.gff3",
    "examples": "sequences.fasta",
    "treeJson": "tree.json",
    "readme": "README.md"
  },
  "nucMutLabelMap": {},
  "nucMutLabelMapReverse": {},
  "shortcuts": [
    "flu_h3n2_na_broad",
    "nextstrain/flu/h3n2/na",
    "nextstrain/flu/h3n2/na/wisconsin-67-2005"
  ],
  "qc": {
    "privateMutations": {
      "enabled": true,
      "typical": 5,
      "cutoff": 15,
      "weightLabeledSubstitutions": 2,
      "weightReversionSubstitutions": 1,
      "weightUnlabeledSubstitutions": 1
    },
    "missingData": {
      "enabled": false,
      "missingDataThreshold": 100,
      "scoreBias": 10
    },
    "snpClusters": {
      "enabled": false,
      "windowSize": 100,
      "clusterCutOff": 5,
      "scoreWeight": 50
    },
    "mixedSites": {
      "enabled": true,
      "mixedSitesThreshold": 4
    },
    "frameShifts": {
      "enabled": true
    },
    "stopCodons": {
      "enabled": true,
      "ignoredStopCodons": []
    }
  },
  "cdsOrderPreference": [
    "NA"
  ],
  "aaMotifs": [
    {
      "name": "glycosylation",
      "nameShort": "Glyc.",
      "nameFriendly": "Glycosylation",
      "description": "N-linked glycosylation motifs (N-X-S/T with X any amino acid other than P)",
      "includeCdses": [
        {
          "cds": "NA",
          "ranges": [
            {
              "begin": 29,
              "end": 466
            }
          ]
        }
      ],
      "motifs": [
        "N[^P][ST]"
      ]
    }
  ]
}