{
  "alignmentParams": {
    "minSeedCover": 0.01
  },
  "schemaVersion": "3.0.0",
  "attributes": {
    "name": "Influenza A/H5N1 (segment 2/PB1)",
    "reference name": "Influenza A virus (A/goose/Guangdong/1/1996(H5N1)) polymerase (PB1) and PB1-F2 protein (PB1-F2) genes, complete cds",
    "reference accession": "NC_007358.1"
  },
  "files": {
    "reference": "reference.fasta",
    "pathogenJson": "pathogen.json",
    "genomeAnnotation": "genome_annotation.gff3",
    "readme": "README.md"
  },
  "version": {
    "tag": "unreleased"
  }
}
